start,BDB_FASALaunchClamp0625,BDB_FASALaunchClamp9375,BDB_FASAlaunchClamp125,bluedog_conformalDecal,bluedog_Corona_Pod,bluedog_Corona_Parachute,,,,,,,,,,,,,,,,,,,,,,,,,,,,,,,,,,,,,,,,,,,,,,,,,,,,,,,,,,,,,
aerodynamics1,,,,,,,,,,,,,,,,,,,,,,,,,,,,,,,,,,,,,,,,,,,,,,,,,,,,,,,,,,,,,,,,,,,
aerodynamics2,,,,,,,,,,,,,,,,,,,,,,,,,,,,,,,,,,,,,,,,,,,,,,,,,,,,,,,,,,,,,,,,,,,
aerodynamics3,,,,,,,,,,,,,,,,,,,,,,,,,,,,,,,,,,,,,,,,,,,,,,,,,,,,,,,,,,,,,,,,,,,
aerodynamics4,,,,,,,,,,,,,,,,,,,,,,,,,,,,,,,,,,,,,,,,,,,,,,,,,,,,,,,,,,,,,,,,,,,
aerodynamics5,,,,,,,,,,,,,,,,,,,,,,,,,,,,,,,,,,,,,,,,,,,,,,,,,,,,,,,,,,,,,,,,,,,
aerodynamics6,,,,,,,,,,,,,,,,,,,,,,,,,,,,,,,,,,,,,,,,,,,,,,,,,,,,,,,,,,,,,,,,,,,
aerodynamics7,,,,,,,,,,,,,,,,,,,,,,,,,,,,,,,,,,,,,,,,,,,,,,,,,,,,,,,,,,,,,,,,,,,
aerodynamics8,,,,,,,,,,,,,,,,,,,,,,,,,,,,,,,,,,,,,,,,,,,,,,,,,,,,,,,,,,,,,,,,,,,
aerodynamics9,,,,,,,,,,,,,,,,,,,,,,,,,,,,,,,,,,,,,,,,,,,,,,,,,,,,,,,,,,,,,,,,,,,
aerodynamics10,,,,,,,,,,,,,,,,,,,,,,,,,,,,,,,,,,,,,,,,,,,,,,,,,,,,,,,,,,,,,,,,,,,
aerodynamics11,,,,,,,,,,,,,,,,,,,,,,,,,,,,,,,,,,,,,,,,,,,,,,,,,,,,,,,,,,,,,,,,,,,
spaceplanes6,,,,,,,,,,,,,,,,,,,,,,,,,,,,,,,,,,,,,,,,,,,,,,,,,,,,,,,,,,,,,,,,,,,
spaceplanes7,,,,,,,,,,,,,,,,,,,,,,,,,,,,,,,,,,,,,,,,,,,,,,,,,,,,,,,,,,,,,,,,,,,
spaceplanes8,,,,,,,,,,,,,,,,,,,,,,,,,,,,,,,,,,,,,,,,,,,,,,,,,,,,,,,,,,,,,,,,,,,
spaceplanes9,,,,,,,,,,,,,,,,,,,,,,,,,,,,,,,,,,,,,,,,,,,,,,,,,,,,,,,,,,,,,,,,,,,
landing2,bluedog_Ranger_Block2_RoughLander,,,,,,,,,,,,,,,,,,,,,,,,,,,,,,,,,,,,,,,,,,,,,,,,,,,,,,,,,,,,,,,,,,
landing3,bluedog_Mercury_Heatshield,bluedog_Mercury_Parachute,bluedog_mercuryHeatshield,,,,,,,,,,,,,,,,,,,,,,,,,,,,,,,,,,,,,,,,,,,,,,,,,,,,,,,,,,,,,,,,
landing4,bluedog_Ranger_Lander_Leg,bluedog_Surveyor_Leg,,,,,,,,,,,,,,,,,,,,,,,,,,,,,,,,,,,,,,,,,,,,,,,,,,,,,,,,,,,,,,,,,
landing5,bluedog_Gemini_DrogueChute,bluedog_Gemini_Heatshield_1p5m,bluedog_Gemini_Heatshield_1p875m,bluedog_Gemini_Heatshield_A,bluedog_Gemini_Heatshield_AB,bluedog_Gemini_MainParachute,bluedog_Gemini_Parachute_A,,,,,,,,,,,,,,,,,,,,,,,,,,,,,,,,,,,,,,,,,,,,,,,,,,,,,,,,,,,,
landing6,bluedog_BigG_DrogueChute,bluedog_BigG_MainParachute,bluedog_Gemini_Heatshield_2p5m,bluedog_Gemini_Heatshield_B,bluedog_Gemini_Lander_Leg,bluedog_Gemini_LanderCan,,,,,,,,,,,,,,,,,,,,,,,,,,,,,,,,,,,,,,,,,,,,,,,,,,,,,,,,,,,,,
landing7,bluedog_Apollo_Feetshield,bluedog_Apollo_Block2_Heatshield,bluedog_Apollo_Block2_Parachute,bluedog_LEM_Ascent_Cockpit,bluedog_LEM_Descent_Tanks,bluedog_Apollo_DrogueChute,bluedog_Apollo_Heatshield,bluedog_Apollo_MainChute,bluedog_LM_Ascent_Cockpit,bluedog_LM_Descent_Leg,bluedog_LM_Descent_Separator,bluedog_LM_Descent_Tanks,bluedog_voyagerMarsLander_leg,bluedog_voyagerMarsLander_parachute,bluedog_voyagerMarsOrbiter_heatshield,,,,,,,,,,,,,,,,,,,,,,,,,,,,,,,,,,,,,,,,,,,,,,,,,,,,
landing8,bluedog_Skylab_VFB_entryProbe,bluedog_Pioneer_Probe,,,,,,,,,,,,,,,,,,,,,,,,,,,,,,,,,,,,,,,,,,,,,,,,,,,,,,,,,,,,,,,,,
landing9,bluedog_LM_Lab,bluedog_LM_Taxi,bluedog_EarlyLunarShelter,bluedog_LM_Descent_Tanks_Truck,bluedog_LM_SheLab,bluedog_LTV,,,,,,,,,,,,,,,,,,,,,,,,,,,,,,,,,,,,,,,,,,,,,,,,,,,,,,,,,,,,,
landing10,,,,,,,,,,,,,,,,,,,,,,,,,,,,,,,,,,,,,,,,,,,,,,,,,,,,,,,,,,,,,,,,,,,
landing11,,,,,,,,,,,,,,,,,,,,,,,,,,,,,,,,,,,,,,,,,,,,,,,,,,,,,,,,,,,,,,,,,,,
reuse9,bluedog_Titan_SRB_Parachute,,,,,,,,,,,,,,,,,,,,,,,,,,,,,,,,,,,,,,,,,,,,,,,,,,,,,,,,,,,,,,,,,,
reuse10,bluedog_Saturn_S1D_Parachute,,,,,,,,,,,,,,,,,,,,,,,,,,,,,,,,,,,,,,,,,,,,,,,,,,,,,,,,,,,,,,,,,,
robotics6,,,,,,,,,,,,,,,,,,,,,,,,,,,,,,,,,,,,,,,,,,,,,,,,,,,,,,,,,,,,,,,,,,,
robotics7,,,,,,,,,,,,,,,,,,,,,,,,,,,,,,,,,,,,,,,,,,,,,,,,,,,,,,,,,,,,,,,,,,,
robotics8,bluedog_skylab_ATM_truss,bluedog_LRV_Base,bluedog_LRV_Hinge,bluedog_LRV_HingePlate_Aft,bluedog_LRV_HingePlate_Fore,bluedog_LRV_LawnChair,bluedog_LRV_Pallet_Aft,bluedog_LRV_Pallet_Front,bluedog_LRV_Slider,bluedog_LRV_ToolCarrier,bluedog_LRV_Wheel,,,,,,,,,,,,,,,,,,,,,,,,,,,,,,,,,,,,,,,,,,,,,,,,,,,,,,,,
robotics9,bluedog_SmallKlaw,,,,,,,,,,,,,,,,,,,,,,,,,,,,,,,,,,,,,,,,,,,,,,,,,,,,,,,,,,,,,,,,,,
robotics10,,,,,,,,,,,,,,,,,,,,,,,,,,,,,,,,,,,,,,,,,,,,,,,,,,,,,,,,,,,,,,,,,,,
robotics11,,,,,,,,,,,,,,,,,,,,,,,,,,,,,,,,,,,,,,,,,,,,,,,,,,,,,,,,,,,,,,,,,,,
control1,bluedog_YoYoDespin,bluedog_Scout_Algol_Fin,bluedog_SpinDecoupler_p3125m,bluedog_Spintable_0p625,bluedog_Spintable_0p9375,bluedog_Juno1_Explorer1,bluedog_Vanguard_Satellite1,bluedog_Beacon1,,,,,,,,,,,,,,,,,,,,,,,,,,,,,,,,,,,,,,,,,,,,,,,,,,,,,,,,,,,
control2,**bluedog_SAS1,bluedog_Sparta_ControlJets,bluedog_Sparta_Guidance,bluedog_Redstone_Guidance,bluedog_ThorAble_Guidance,bluedog_Juno1_Guidance,bluedog_Redstone_AirVane,bluedog_Redstone_Fin_Basic,bluedog_Redstone_Fin_CtrlSurf,bluedog_Redstone_Guidance,bluedog_Vanguard_S2_Guidance,bluedog_Jupiter_Guidance,bluedog_PioneerAble_Engine,,,,,,,,,,,,,,,,,,,,,,,,,,,,,,,,,,,,,,,,,,,,,,,,,,,,,,
control3,bluedog_Mercury_Airbrake,bluedog_Mercury_ParachuteRCS,bluedog_mercuryRCS,bluedog_Agena_HorizonSensor,bluedog_Delta_Fin,bluedog_Thor_CZFin,bluedog_Agena_Avionics,bluedog_Minuteman_Avionics,bluedog_POPPY2_RCS,bluedog_POPPY2_RCS_Antenna,bluedog_Burner2,,,,,,,,,,,,,,,,,,,,,,,,,,,,,,,,,,,,,,,,,,,,,,,,,,,,,,,,
control4,**bluedog_SAS2,bluedog_Pioneer6_RCS,bluedog_Atlas2_RollControlSystem,bluedog_Minotaur_GCA,bluedog_OSO_Arm,bluedog_Peacekeeper_PostBoostVehicle,bluedog_ProbeRCS_1Way_Double,bluedog_ProbeRCS_1Way_Radial,bluedog_ProbeRCS_1Way_Vertical,bluedog_ProbeRCS_2Way_45Degree,bluedog_ProbeRCS_2Way_Vertical,bluedog_ProbeRCS_3Way_45Degree,bluedog_ProbeRCS_3Way_Normal,bluedog_ProbeRCS_3Way_Radial,bluedog_ProbeRCS_4Way_45Degree,bluedog_ProbeRCS_4Way_Normal,bluedog_probeRCSblock,bluedog_probeRCSblockE,bluedog_LunarOrbiter_Propulsion,bluedog_Pioneer6_MidcourseEngine,,,,,,,,,,,,,,,,,,,,,,,,,,,,,,,,,,,,,,,,,,,,,,,
control5,bluedog_RAE_RCS,bluedog_Athena_OAM,bluedog_CentaurD_Avionics,bluedog_Delta_Avionics,bluedog_HOSS_Avionics,bluedog_OAO_balanceBoom,bluedog_OAO_starTracker,bluedog_OGO_RCS,bluedog_Titan23G_ACS,bluedog_Transit5_GravityGradientBoom,bluedog_Transit5_GravityGradientBoom_Light,bluedog_Strawman_Bus,bluedog_RAE_VCPS,bluedog_Ranger_Engine,,,,,,,,,,,,,,,,,,,,,,,,,,,,,,,,,,,,,,,,,,,,,,,,,,,,,
control6,**bluedog_SAS3,bluedog_Mariner3_CanopusSensor,bluedog_Mariner5_CanopusSensor,bluedog_Pioneer_StellarReferenceAssembly,bluedog_ATDA_RCS,bluedog_Gemini_HorizonScanners,bluedog_Gemini_OAMSThruster,bluedog_Gemini_RCS_A,bluedog_Gemini_RCS_B,bluedog_Gemini_ReentryRCS,bluedog_Gemini_RotationRCS,bluedog_Gemini_TranslationRCS,bluedog_Keyhole_OCV_KH7,bluedog_LDC_S2_Avionics,bluedog_Titan_Transtage_RCS_A,bluedog_Titan_Transtage_RCS_B,bluedog_Titan_Transtage_RCS_C,bluedog_Titan_Transtage_RCS_D,bluedog_Titan_Transtage_RCS_E,bluedog_Titan3_AvionicsTruss,bluedog_Kepler_ElectronicsBox,bluedog_Kepler_RCS,bluedog_Kepler_ReactionWheelDouble,bluedog_Kepler_ReactionWheelSingle,bluedog_Kepler_StarTracker,bluedog_Centaur_ARCM,bluedog_Mariner_Midcourse_Engine,,,,,,,,,,,,,,,,,,,,,,,,,,,,,,,,,,,,,,,,
control7,bluedog_Pegasus_ElectronicsCanister,bluedog_MORL_resistojet_RCS,bluedog_Clementine_LowerRCS,bluedog_Clementine_StarTracker,bluedog_Clementine_UpperRCS,bluedog_CentaurT_Avionics,bluedog_ERCS_1Way,bluedog_ERCS_2Way,bluedog_ERCS_3Way,bluedog_Gemini_Structure_A,bluedog_GeminiFerry_RCS,bluedog_GeminiFerry_RCS_45deg,bluedog_Hexagon_LifeboatRCS,bluedog_Hexagon_MainRCS,bluedog_IUS_Avionics,bluedog_mariner10_starTracker,bluedog_MOL_ControlSegment,bluedog_MOL_RCS,bluedog_MOL_RCS_Alt1,bluedog_MOL_RCS_Alt2,bluedog_MOL_RCS_Alt3,bluedog_TOS_Avionics,bluedog_Saturn_S1B_Fin,bluedog_Saturn_S4B_APS_200,bluedog_Saturn_S4B_APS_500,bluedog_mariner10_engine,bluedog_Pegasus_Avionics,bluedog_Taurus_Avionics,,,,,,,,,,,,,,,,,,,,,,,,,,,,,,,,,,,,,,,
control8,bluedog_Apollo_RCS_2Way,bluedog_Apollo_RCS_2Way_45deg,bluedog_Apollo_RCS_45,bluedog_Apollo_RCS_45Tri,bluedog_Apollo_RCS_Double,bluedog_Apollo_RCS_Engine,bluedog_Apollo_RCS_Linear,bluedog_Apollo_RCS_PitchRoll,bluedog_Apollo_RCS_RadialQuad,bluedog_Apollo_RCS_RadialUllage,bluedog_Apollo_RCS_Tri,bluedog_Apollo_RCS_Ullage,bluedog_Apollo_AARDV_Control,bluedog_Apollo_Block2_RCSlinear,bluedog_Apollo_Block2_RCSlinearSingle,bluedog_Apollo_Block2_RCSquad,bluedog_Saturn_S1_LargeFin,bluedog_Saturn_S1_SmallFin,bluedog_Saturn_S4_InstrumentUnit,bluedog_Saturn_S4B_APS,bluedog_Saturn_S4B_InstrumentUnit,bluedog_Skylab_RCS,bluedog_Apollo_AARDV_Core,bluedog_Apollo_RCS_3Way,bluedog_Apollo_RCS_Quad,bluedog_Apollo_RCS_Sideways,bluedog_Saturn_S1C_Airbrake,bluedog_Skylab_ACS,bluedog_voyagerMarsOrbiter_SM,bluedog_voyagerMarsOrbiter_starTracker,bluedog_Saturn_S4B_APS_500,bluedog_Saturn_S4B_APS_550,bluedog_Saturn_S4B_DPAFbase,bluedog_Saturn_S4C_ShellPort,bluedog_Saturn_S4C_TrussPort,bluedog_Apollo_RCS_EngineQuad,,,,,,,,,,,,,,,,,,,,,,,,,,,,,,,
control9,bluedog_LM_Truck_RCS_3x,bluedog_LM_Truck_RCS_4x,,,,,,,,,,,,,,,,,,,,,,,,,,,,,,,,,,,,,,,,,,,,,,,,,,,,,,,,,,,,,,,,,
control10,bluedog_HAPS_HAPS,bluedog_HAPS_SuperHAPS,,,,,,,,,,,,,,,,,,,,,,,,,,,,,,,,,,,,,,,,,,,,,,,,,,,,,,,,,,,,,,,,,
control11,,,,,,,,,,,,,,,,,,,,,,,,,,,,,,,,,,,,,,,,,,,,,,,,,,,,,,,,,,,,,,,,,,,
comms2,bluedog_dipole,bluedog_domeAntenna,bluedog_HoopAntenna,bluedog_OFO_Antenna,bluedog_simpleAntenna,,,,,,,,,,,,,,,,,,,,,,,,,,,,,,,,,,,,,,,,,,,,,,,,,,,,,,,,,,,,,,
comms3,bluedog_POPPY_Antenna,bluedog_Oscar1,bluedog_PioneerAble_Antenna,bluedog_TTS1,bluedog_LOantenna,,,,,,,,,,,,,,,,,,,,,,,,,,,,,,,,,,,,,,,,,,,,,,,,,,,,,,,,,,,,,,
comms4,bluedog_Pioneer6_MainAntenna,bluedog_Pioneer6_StanfordAntenna,bluedog_AIMP_Antenna,bluedog_Alouette_Antenna,bluedog_LunarOrbiter_Antenna,bluedog_LunarOrbiter_Dish,bluedog_Nimbus_BeaconAntenna,bluedog_Nimbus_EarlyCommandAntenna,bluedog_Nimbus_LateCommandAntenna,bluedog_Nimbus_SBandAntenna,bluedog_Ranger_Block2_OmniAntenna,bluedog_Ranger_Dish,bluedog_Ranger_Lander_Antenna,bluedog_Ranger_OmniAntenna,bluedog_rangerDish,bluedog_LOantenna,bluedog_LOdish,bluedog_mariner2Antenna,,,,,,,,,,,,,,,,,,,,,,,,,,,,,,,,,,,,,,,,,,,,,,,,,
comms5,bluedog_RAE_TelemetryAntenna,bluedog_Biosat_Antenna,bluedog_mariner4Antenna,bluedog_mariner4Dish,bluedog_Mercury_AntennaNose,bluedog_OAO_antenna,bluedog_OGO_HighGainAntenna,bluedog_solarAntenna,bluedog_Transit5_Antenna,bluedog_Transit5_SOOS_Antenna,bluedog_Strawman_Harvester,bluedog_Strawman_Harvester_Standalone_Antenna,bluedog_Strawman_Reaper,bluedog_Strawman_Starfish_Big_Antenna,bluedog_Strawman_Starfish_Small_Antenna,bluedog_Strawman_Thresher_Antenna,bluedog_Mariner_Early_HGA,bluedog_Mariner_Early_LGA_Mast,bluedog_SurveyorOrbiter_Antenna,bluedog_SurveyorOrbiter_Omni,bluedog_Surveyor_Omni1,bluedog_Surveyor_Omni2,,,,,,,,,,,,,,,,,,,,,,,,,,,,,,,,,,,,,,,,,,,,,
comms6,bluedog_GooLab_Antenna,bluedog_ATDA_VHFAntenna,bluedog_GATV_LBandAntenna,bluedog_GATV_SpiralAntenna,bluedog_Gemini_DipoleAntenna,bluedog_Gemini_DockingAntenna_Fixed,bluedog_Gemini_DockingAntenna_Rotating,bluedog_Gemini_DoubleXAntenna,bluedog_Gemini_UHFAntenna,bluedog_Gemini_WhipAntenna,bluedog_Helios_Dish,bluedog_Titan_Transtage_Antenna,bluedog_Pioneer_HGA_Alternate,bluedog_Pioneer_HGA,bluedog_Pioneer_LGA,bluedog_Pioneer_ProbeAntenna,bluedog_Pioneer_RelayAntenna,bluedog_Helios_LowGainAntenna,bluedog_Kepler_HGA,bluedog_Kepler_OmniAntenna,,,,,,,,,,,,,,,,,,,,,,,,,,,,,,,,,,,,,,,,,,,,,,,
comms7,bluedog_MORL_antenna,bluedog_BigG_Antenna,bluedog_Clementine_HGA,bluedog_Clementine_ISAS_Antenna,bluedog_Agena_SOT_GuidanceArray,bluedog_Gemini_LunarRecon_Antenna,bluedog_Gemini_LunarRecon_Dish,bluedog_Hexagon_VHF_Bent,bluedog_Hexagon_VHF_Straight,bluedog_mariner10_highGainAntenna,bluedog_mariner10_lowGainAntenna,bluedog_MOL_rackDish,bluedog_MOL_TrackingAntenna,,,,,,,,,,,,,,,,,,,,,,,,,,,,,,,,,,,,,,,,,,,,,,,,,,,,,,
comms8,bluedog_LRV_highGain,bluedog_Apollo_AARDV_Antenna,bluedog_Apollo_ASTP_Antenna,bluedog_LM_Antenna_VHF,bluedog_Apollo_Block2_HGA,bluedog_LEM_Ascent_Antenna1,bluedog_LEM_Ascent_Antenna2,bluedog_scimitar,bluedog_Skylab_DisconeAntenna,bluedog_Apollo_Block3_HGA,bluedog_Apollo_Block5_HGA,bluedog_Apollo_ScimitarAntenna,bluedog_LM_Antenna_EVA,bluedog_Apollo_Block2_highGain,bluedog_Apollo_Block3_highGain,bluedog_Apollo_Block5_highGain,bluedog_Apollo_dipoleAntenna,bluedog_Apollo_VHFantenna,bluedog_Skylab_ATM_antenna,bluedog_Skylab_discone_antenna,bluedog_voyagerMarsLander_HGA,bluedog_voyagerMarsLander_commandAntenna,bluedog_voyagerMarsOrbiter_HGA,bluedog_voyagerMarsOrbiter_HGA_large,bluedog_voyagerMarsOrbiter_LGA,bluedog_voyagerMarsOrbiter_MGA,bluedog_voyagerMarsOrbiter_relayAntenna,,,,,,,,,,,,,,,,,,,,,,,,,,,,,,,,,,,,,,,,
comms9,bluedog_Saturn_VFB_Dish,bluedog_Skylab_VFB_antenna,,bluedog_Skylab_TRS_omniAntenna,,,,,,,,,,,,,,,,,,,,,,,,,,,,,,,,,,,,,,,,,,,,,,,,,,,,,,,,,,,,,,,
comms10,,,,,,,,,,,,,,,,,,,,,,,,,,,,,,,,,,,,,,,,,,,,,,,,,,,,,,,,,,,,,,,,,,,
comms11,,,,,,,,,,,,,,,,,,,,,,,,,,,,,,,,,,,,,,,,,,,,,,,,,,,,,,,,,,,,,,,,,,,
interplanetaryProbes2,bluedog_Pioneer_1,bluedog_Pioneer_4,bluedog_Pioneer_VernierSolids,,,,,,,,,,,,,,,,,,,,,,,,,,,,,,,,,,,,,,,,,,,,,,,,,,,,,,,,,,,,,,,,
interplanetaryProbes3,bluedog_Pioneer5_Core,bluedog_PioneerAble_Core,,,,,,,,,,,,,,,,,,,,,,,,,,,,,,,,,,,,,,,,,,,,,,,,,,,,,,,,,,,,,,,,,
interplanetaryProbes4,bluedog_AIMP_Core,bluedog_Ranger_BareCore,bluedog_Ranger_Bus,bluedog_LunarOrbiter_Core,bluedog_Pioneer6_Bus,bluedog_Pioneer6_ServiceModule,,,,,,,,,,,,,,,,,,,,,,,,,,,,,,,,,,,,,,,,,,,,,,,,,,,,,,,,,,,,,
interplanetaryProbes5,bluedog_MarinerB_Bus,bluedog_Mariner_Bus,bluedog_SurveyorOrbiter_Core,bluedog_Surveyor_Core,bluedog_Helios_Core,,,,,,,,,,,,,,,,,,,,,,,,,,,,,,,,,,,,,,,,,,,,,,,,,,,,,,,,,,,,,,
interplanetaryProbes6,bluedog_Kepler_Bus,bluedog_Clementine_Bus,bluedog_Clementine_ISAS,,,,,,,,,,,,,,,,,,,,,,,,,,,,,,,,,,,,,,,,,,,,,,,,,,,,,,,,,,,,,,,,
interplanetaryProbes7,bluedog_Pioneer_ProbeCore,bluedog_Mariner10_probeCore,bluedog_voyagerMarsLander_core,bluedog_voyagerMarsOrbiter_core,,,,,,,,,,,,,,,,,,,,,,,,,,,,,,,,,,,,,,,,,,,,,,,,,,,,,,,,,,,,,,,
satellites2,bluedog_Vanguard_Satellite2,bluedog_Vanguard_Satellite3,bluedog_Explorer_7,bluedog_Explorer_8,bluedog_Explorer_S45,bluedog_Explorer_S46,bluedog_Explorer_11,bluedog_Injun1,bluedog_LOFTI,bluedog_POPPY1,bluedog_SOLRAD,,,,,,,,,,,,,,,,,,,,,,,,,,,,,,,,,,,,,,,,,,,,,,,,,,,,,,,,
satellites3,bluedog_ANNA,bluedog_TRYP_Core,bluedog_WRESAT,bluedog_Alouette_Core,bluedog_SOLRAD8,bluedog_Agena_Subsat_Hitchhiker,,,,,,,,,,,,,,,,,,,,,,,,,,,,,,,,,,,,,,,,,,,,,,,,,,,,,,,,,,,,,
satellites4,bluedog_POPPY2,bluedog_Biosat_Adapter,bluedog_OSO_Core,,,,,,,,,,,,,,,,,,,,,,,,,,,,,,,,,,,,,,,,,,,,,,,,,,,,,,,,,,,,,,,,
satellites5,bluedog_RAE_ProbeCore,bluedog_OAO_ProbeCore,bluedog_OGO_Bus,,,,,,,,,,,,,,,,,,,,,,,,,,,,,,,,,,,,,,,,,,,,,,,,,,,,,,,,,,,,,,,,
navsats3,bluedog_Transit2A,bluedog_Transit4A,,,,,,,,,,,,,,,,,,,,,,,,,,,,,,,,,,,,,,,,,,,,,,,,,,,,,,,,,,,,,,,,,
navsats4,bluedog_Transit5_Bus,,,,,,,,,,,,,,,,,,,,,,,,,,,,,,,,,,,,,,,,,,,,,,,,,,,,,,,,,,,,,,,,,,
commsats3,bluedog_Courier_Core,,,,,,,,,,,,,,,,,,,,,,,,,,,,,,,,,,,,,,,,,,,,,,,,,,,,,,,,,,,,,,,,,,
commsats4,bluedog_Relay_Antenna,bluedog_Relay_Core,bluedog_telstar,bluedog_Telstar_Antenna,bluedog_Telstar_Core,,,,,,,,,,,,,,,,,,,,,,,,,,,,,,,,,,,,,,,,,,,,,,,,,,,,,,,,,,,,,,
commsats5,bluedog_Syncom,,,,,,,,,,,,,,,,,,,,,,,,,,,,,,,,,,,,,,,,,,,,,,,,,,,,,,,,,,,,,,,,,,
commsats6,bluedog_IDCSP_Probe,,,,,,,,,,,,,,,,,,,,,,,,,,,,,,,,,,,,,,,,,,,,,,,,,,,,,,,,,,,,,,,,,,
weathersats3,bluedog_TIROS,,,,,,,,,,,,,,,,,,,,,,,,,,,,,,,,,,,,,,,,,,,,,,,,,,,,,,,,,,,,,,,,,,
weathersats4,bluedog_Nimbus_EarlyControlCore,,,,,,,,,,,,,,,,,,,,,,,,,,,,,,,,,,,,,,,,,,,,,,,,,,,,,,,,,,,,,,,,,,
weathersats5,bluedog_Nimbus_LateControlCore,,,,,,,,,,,,,,,,,,,,,,,,,,,,,,,,,,,,,,,,,,,,,,,,,,,,,,,,,,,,,,,,,,
spysat2,bluedog_Corona_Heatshield,,,bluedog_Keyhole_Camera_KH1,bluedog_Corona_Retro,,,,,,,,,,,,,,,,,,,,,,,,,,,,,,,,,,,,,,,,,,,,,,,,,,,,,,,,,,,,,,
spysat3,bluedog_Keyhole_Camera_KH4,,,,,,,,,,,,,,,,,,,,,,,,,,,,,,,,,,,,,,,,,,,,,,,,,,,,,,,,,,,,,,,,,,
spysat4,bluedog_Keyhole_Camera_KH8,bluedog_Keyhole_Camera_KH7,,,,,,,,,,,,,,,,,,,,,,,,,,,,,,,,,,,,,,,,,,,,,,,,,,,,,,,,,,,,,,,,,
spysat5,bluedog_Hexagon_Mk8_Capsule,bluedog_Hexagon_Mk8_Heatshield,bluedog_Hexagon_Mk8_Parachute,bluedog_Hexagon_Camera,bluedog_Hexagon_MappingCamera,bluedog_MOL_Camera,bluedog_Hexagon_Mk8_Retro,bluedog_Hexagon_ServiceEngine,,,,,,,,,,,,,,,,,,,,,,,,,,,,,,,,,,,,,,,,,,,,,,,,,,,,,,,,,,,
spysat6,,,,,,,,,,,,,,,,,,,,,,,,,,,,,,,,,,,,,,,,,,,,,,,,,,,,,,,,,,,,,,,,,,,
solids1,bluedog_Sergeant_1x,bluedog_Sergeant_3x,bluedog_Sergeant_11x,bluedog_UpperSolids_Altair,bluedog_Perfectron,bluedog_Lateraltron,bluedog_Scout_Castor_Inline,,,,,,,,,,,,,,,,,,,,,,,,,,,,,,,,,,,,,,,,,,,,,,,,,,,,,,,,,,,,
solids2,**bluedog_Star1,bluedog_UpperSolids_BE3,bluedog_UpperSolids_Star24,,,,,,,,,,,,,,,,,,,,,,,,,,,,,,,,,,,,,,,,,,,,,,,,,,,,,,,,,,,,,,,,
solids3,bluedog_Explorer_Star17,bluedog_Castor2,bluedog_Scout_Algol_Inline,bluedog_Scout_Algol_Radial,bluedog_Scout_Algol_Short,bluedog_Scout_Antares_Basic,bluedog_Scout_Antares_Inline,bluedog_Scout_Castor_Radial,,,,,,,,,,,,,,,,,,,,,,,,,,,,,,,,,,,,,,,,,,,,,,,,,,,,,,,,,,,
solids4,bluedog_UpperSolids_Star37B,bluedog_UpperSolids_Star37BV,**bluedog_Castor2,bluedog_Castor4,bluedog_Peacekeeper_Castor120,bluedog_Peacekeeper_SR119,bluedog_Peacekeeper_SR120,,,,,,,,,,,,,,,,,,,,,,,,,,,,,,,,,,,,,,,,,,,,,,,,,,,,,,,,,,,,
solids5,**bluedog_Star2,bluedog_AIMP_Star13,**bluedog_CastorIV,bluedog_LittleJoe2_Recruit,bluedog_LittleJoe2_Algol,bluedog_Athena_Castor30,bluedog_Athena_Castor30XL,bluedog_Castor4XL,bluedog_Delta_GEM40,bluedog_Delta_GEM40_Inline,bluedog_SOLTAN_SRB,,,,,,,,,,,,,,,,,,,,,,,,,,,,,,,,,,,,,,,,,,,,,,,,,,,,,,,,
solids6,bluedog_UpperSolids_Star37FMV,bluedog_UpperSolids_Star48BV,bluedog_Delta_GEM46,bluedog_UA1202,bluedog_UA1203,bluedog_UA1204,bluedog_UA1205,bluedog_UA1206,bluedog_UA1207,bluedog_UA1208,bluedog_Minuteman_PSRE,bluedog_Minuteman_SR73,,,,,,,,,,,,,,,,,,,,,,,,,,,,,,,,,,,,,,,,,,,,,,,,,,,,,,,
solids7,**bluedog_Star3,bluedog_IUS_Orbus21,bluedog_IUS_Orbus6,bluedog_Delta_GEM60,bluedog_SRMU_Full,bluedog_SRMU_Half,bluedog_SRMU_Single,bluedog_SRMU_TwoSeg,bluedog_SRMU_XL,,,,,,,,,,,,,,,,,,,,,,,,,,,,,,,,,,,,,,,,,,,,,,,,,,,,,,,,,,
solids8,bluedog_Saturn_AJ260_Sepratron,bluedog_saturn_AJ260_LongAngled,bluedog_saturn_AJ260_LongFlared,bluedog_saturn_AJ260_ShortAngled,bluedog_saturn_AJ260_ShortFlared,bluedog_Saturn_AJ260_Inline,bluedog_Saturn_AJ260_Radial,bluedog_Saturn_AJ260_RadialDecoupler,,,,,,,,,,,,,,,,,,,,,,,,,,,,,,,,,,,,,,,,,,,,,,,,,,,,,,,,,,,
solids9,bluedog_AtlasV_AJ60,bluedog_Delta_GEM60XL,bluedog_Taurus_Orion50SXLT,bluedog_Pegasus_Orion38,bluedog_Pegasus_Orion50SXL,bluedog_Pegasus_Orion50XL,bluedog_Pegasus_Strongback,,,,,,,,,,,,,,,,,,,,,,,,,,,,,,,,,,,,,,,,,,,,,,,,,,,,,,,,,,,,
solids10,bluedog_Minotaur1_SR19,bluedog_Minotaur1_M55A1,,,,,,,,,,,,,,,,,,,,,,,,,,,,,,,,,,,,,,,,,,,,,,,,,,,,,,,,,,,,,,,,,
tanks2,bluedog_Vanguard_S2_Tank,bluedog_Redstone_FuelTank,bluedog_Redstone_MediumFuelTank,bluedog_Redstone_ShortFuelTank,bluedog_Jupiter_FuelTank,bluedog_Vanguard_S2_RetroRocket,,,,,,,,,,,,,,,,,,,,,,,,,,,,,,,,,,,,,,,,,,,,,,,,,,,,,,,,,,,,,
tanks3,bluedog_Juno4_FuelTank_1,bluedog_Juno4_FuelTank_2,bluedog_Mono_SmallSingle,bluedog_Mono_SmallTriple,bluedog_Thor_1p25mAdapter_Long,bluedog_Thor_1p25mAdapter_Medium,bluedog_Thor_LowerTank_1,bluedog_Thor_MediumExtensionTank,bluedog_Thor_ShortExtensionTank,bluedog_Thor_UpperTank_1,bluedog_ThorAble_Tank,bluedog_Agena_Tank_Short,bluedog_Agena_UllageMotor,bluedog_Agena_RetroThrustModule,,,,,,,,,,,,,,,,,,,,,,,,,,,,,,,,,,,,,,,,,,,,,,,,,,,,,
tanks4,bluedog_Atlas_AdapterFuelTank,bluedog_Atlas_LongFuelTank,bluedog_Atlas_MediumFuelTank,bluedog_Atlas_ShortAdapterTank,bluedog_Atlas_ShortFuelTank,bluedog_Atlas_SustainerAdapterTank,bluedog_DeltaE_Tank,bluedog_Mono_SphericalTank,bluedog_Titan1_S1_LowerTank,bluedog_Titan1_S1_UpperTank,bluedog_Titan1_S2_ShortTank,bluedog_Titan1_S2_Tank,bluedog_Agena_Tank_Long,bluedog_Vega_Tank1,bluedog_Vega_Tank2,bluedog_Vega_ThirdStage_Tank,bluedog_Ablestar_Tank,bluedog_DeltaB_Tank,bluedog_Titan1_SeparationBottle,,,,,,,,,,,,,,,,,,,,,,,,,,,,,,,,,,,,,,,,,,,,,,,,
tanks5,bluedog_CentaurD_FuelTank,bluedog_Delta2_UpperTank,bluedog_DeltaP_Stage,bluedog_HOSS_Tank,bluedog_Titan2_S1_Lower_Tank,bluedog_Titan2_S1_Upper_Tank,bluedog_Titan2_S2_Tank,bluedog_Delta2_LowerTank,bluedog_Titan2_S2_VernierMotor,,,,,,,,,,,,,,,,,,,,,,,,,,,,,,,,,,,,,,,,,,,,,,,,,,,,,,,,,,
tanks6,bluedog_CentaurIII_FuelTank,bluedog_Centaur_Kickstage,bluedog_DCSS_Tank,bluedog_Delta3_AdapterTank,bluedog_DeltaIII_AdapterTank,bluedog_DeltaK_Stage,bluedog_LDC_S1_Tank1,bluedog_LDC_S1_Tank2,bluedog_LDC_S2_Tank1,bluedog_LDC_S2_Tank2,bluedog_Titan3_S1_Stretched_Tank,bluedog_CELV_AdapterTank_1p875m_Long,bluedog_CELV_AdapterTank_1p875m_Short,bluedog_CELV_AdapterTank_2p5m_Long,bluedog_CELV_AdapterTank_2p5m_Short,bluedog_CELV_LongTank,bluedog_CELV_MainTank,bluedog_CELV_MediumTank,bluedog_CELV_ShortTank,bluedog_CELV_SustainerTank,bluedog_Saturn_S1_Tankage,bluedog_Saturn_S4_AdapterTank,bluedog_Saturn_S4_Tankage,bluedog_Saturn_S1_Retro,bluedog_Saturn_S4_Ullage,,,,,,,,,,,,,,,,,,,,,,,,,,,,,,,,,,,,,,,,,,
tanks7,bluedog_Agena_SOT_1p875m,bluedog_Agena_SOT_2p5m,bluedog_Centaur4_Tank,bluedog_CentaurT_AdapterTank,bluedog_CentaurT_ShortTank,bluedog_CentaurT_TankA,bluedog_CentaurT_TankB,bluedog_CentaurT_TankC,bluedog_CentaurT_TankD,bluedog_CentaurT_WideTank,bluedog_Gemini_ArrowSM,bluedog_Gemini_Lander_Frame,bluedog_Gemini_Lander_SaddleTank,bluedog_Hexagon_ServiceModule,bluedog_Titan4_S1_Lower_Tank,bluedog_Titan4_S2_Tank,bluedog_Saturn_S4B_Tank,bluedog_Saturn_S4_Tank,bluedog_SLV3X_LowerTank,bluedog_SLV3X_MainTank,bluedog_SLV3X_MediumTank,bluedog_SLV3X_ShortTank,bluedog_SLV3X_UpperTank,,,,,,,,,,,,,,,,,,,,,,,,,,,,,,,,,,,,,,,,,,,,
tanks8,bluedog_Saturn_S1C_Tankage,bluedog_Saturn_S1E_Tankage,bluedog_Saturn_S1F_Tankage,bluedog_Saturn_S4B_Tankage,bluedog_Saturn_S4C_Tankage,bluedog_Saturn_S1C_Tank,bluedog_Saturn_S2_Tank,bluedog_Saturn_S4F_Tank,bluedog_Saturn_S2_Ullage,bluedog_Saturn_S4B_Ullage,,,,,,,,,,,,,,,,,,,,,,,,,,,,,,,,,,,,,,,,,,,,,,,,,,,,,,,,,
tanks9,bluedog_Saturn_LRB_Tank,bluedog_Saturn_S1D_BoosterSkirt,bluedog_Saturn_S1D_SustainerTank,bluedog_Saturn_S1E_Tank,bluedog_Saturn_S1_Tanks,bluedog_AtlasV_CCBLowerTank,bluedog_AtlasV_CCBUpperTank,bluedog_DeltaIV_DCSS_5m,bluedog_DeltaIV_s1_lowerTank,bluedog_DeltaIV_s1_upperTank,bluedog_AtlasV_Star5F,bluedog_Saturn_S2_wetWorkshop,,,,,,,,,,,,,,,,,,,,,,,,,,,,,,,,,,,,,,,,,,,,,,,,,,,,,,,
tanks10,bluedog_CentaurV_Tank,,,,,,,,,,,,,,,,,,,,,,,,,,,,,,,,,,,,,,,,,,,,,,,,,,,,,,,,,,,,,,,,,,
tanks11,,,,,,,,,,,,,,,,,,,,,,,,,,,,,,,,,,,,,,,,,,,,,,,,,,,,,,,,,,,,,,,,,,,
kerolox1,bluedog_Vanguard_GE405,bluedog_Vanguard_S1_Tank,,,,,,,,,,,,,,,,,,,,,,,,,,,,,,,,,,,,,,,,,,,,,,,,,,,,,,,,,,,,,,,,,
kerolox2,bluedog_Redstone_A7_Bare,bluedog_Redstone_A7_TailUnit,,,,,,,,,,,,,,,,,,,,,,,,,,,,,,,,,,,,,,,,,,,,,,,,,,,,,,,,,,,,,,,,,
kerolox3,bluedog_Jupiter_Vernier,bluedog_Redstone_QuadEngine,bluedog_Thor_LR101,bluedog_Thor_LR79,bluedog_Atlas_LR101_Inline,bluedog_Atlas_LR101_Radial,**bluedog_Redstone1,,,,,,,,,,,,,,,,,,,,,,,,,,,,,,,,,,,,,,,,,,,,,,,,,,,,,,,,,,,,
kerolox4,bluedog_Atlas_LR105,bluedog_Atlas_LR89,**bluedog_LR79NA13,,,,,,,,,,,,,,,,,,,,,,,,,,,,,,,,,,,,,,,,,,,,,,,,,,,,,,,,,,,,,,,,
kerolox5,bluedog_Vega_GE405H,**bluedog_Atlas1,,,,,,,,,,,,,,,,,,,,,,,,,,,,,,,,,,,,,,,,,,,,,,,,,,,,,,,,,,,,,,,,,
kerolox6,bluedog_Saturn_Engine_H1C,bluedog_Saturn_Engine_H1D,,,,,,,,,,,,,,,,,,,,,,,,,,,,,,,,,,,,,,,,,,,,,,,,,,,,,,,,,,,,,,,,,
kerolox7,bluedog_Saturn_Engine_F1,bluedog_E1_engine,,,,,,,,,,,,,,,,,,,,,,,,,,,,,,,,,,,,,,,,,,,,,,,,,,,,,,,,,,,,,,,,,
kerolox8,**bluedog_Saturn_Gen2,bluedog_Saturn_S1D_Vernier,**bluedog_E1_Gen2,bluedog_Delta2_RS27,**bluedog_Atlas2,,,,,,,,,,,,,,,,,,,,,,,,,,,,,,,,,,,,,,,,,,,,,,,,,,,,,,,,,,,,,,
kerolox9,**bluedog_RS27,,,,,,,,,,,,,,,,,,,,,,,,,,,,,,,,,,,,,,,,,,,,,,,,,,,,,,,,,,,,,,,,,,
kerolox10,**bluedog_RS27A,,,,,,,,,,,,,,,,,,,,,,,,,,,,,,,,,,,,,,,,,,,,,,,,,,,,,,,,,,,,,,,,,,
kerolox11,bluedog_AtlasV_RD180,,,,,,,,,,,,,,,,,,,,,,,,,,,,,,,,,,,,,,,,,,,,,,,,,,,,,,,,,,,,,,,,,,
hypergol1,bluedog_Able_Engine,,,,,,,,,,,,,,,,,,,,,,,,,,,,,,,,,,,,,,,,,,,,,,,,,,,,,,,,,,,,,,,,,,
hypergol2,bluedog_Ablestar_Engine,**bluedog_Able1,bluedog_Agena_Engine_XLR81,bluedog_Juno4_Engine_45K,bluedog_Juno4_Engine_6K,,,,,,,,,,,,,,,,,,,,,,,,,,,,,,,,,,,,,,,,,,,,,,,,,,,,,,,,,,,,,,
hypergol3,**bluedog_Able2,**bluedog_agenaB,bluedog_LR87_3,bluedog_LR91_3,bluedog_LR91_3_SingleVernier,**bluedog_JPL45K_gen2,,,,,,,,,,,,,,,,,,,,,,,,,,,,,,,,,,,,,,,,,,,,,,,,,,,,,,,,,,,,,
hypergol4,bluedog_LR87_5,bluedog_LR91_5,bluedog_LR91_5_FourVernier,**bluedog_agenaD,bluedog_Ranger_Lander_Propulsion,bluedog_Surveyor_Vernier,bluedog_GATV_SPS_LFO,bluedog_GATV_SPS_RCS,bluedog_GATV_SPS,,,,,,,,,,,,,,,,,,,,,,,,,,,,,,,,,,,,,,,,,,,,,,,,,,,,,,,,,,
hypergol5,**bluedog_LR87AJ5,bluedog_LR87_11,bluedog_LR87_11_Single,bluedog_LR87_11_Vac,bluedog_LR91_11,bluedog_LR91_11_FourVernier,bluedog_Titan_Transtage,*bluedog_agenaHDA,**bluedog_LR87AJ11,,,,,,,,,,,,,,,,,,,,,,,,,,,,,,,,,,,,,,,,,,,,,,,,,,,,,,,,,,
hypergol6,bluedog_Clementine_Engine,bluedog_Gemini_Lander_Engine,**bluedog_agenaAdvanced,**bluedog_Transtage_34D,bluedog_Pioneer_OrbiterPropulsionUnit,,,,,,,,,,,,,,,,,,,,,,,,,,,,,,,,,,,,,,,,,,,,,,,,,,,,,,,,,,,,,,
hypergol7,bluedog_Agena_Engine_8096C,bluedog_C1engine,bluedog_LEM_Ascent_Engine,bluedog_LEM_Descent_Engine,bluedog_Apollo_Block2_SPS,bluedog_LM_Ascent_Engine,bluedog_LM_Descent_Engine,bluedog_voyagerMarsLander_descentEngine,bluedog_voyagerMarsOrbiter_propulsionModule,bluedog_AJ10_118F,,,,,,,,,,,,,,,,,,,,,,,,,,,,,,,,,,,,,,,,,,,,,,,,,,,,,,,,,
hypergol8,bluedog_AJ10_118K,,,,,,,,,,,,,,,,,,,,,,,,,,,,,,,,,,,,,,,,,,,,,,,,,,,,,,,,,,,,,,,,,,
hypergol9,bluedog_AJ10_118X,,,,,,,,,,,,,,,,,,,,,,,,,,,,,,,,,,,,,,,,,,,,,,,,,,,,,,,,,,,,,,,,,,
hypergol10,bluedog_TR_201,,,,,,,,,,,,,,,,,,,,,,,,,,,,,,,,,,,,,,,,,,,,,,,,,,,,,,,,,,,,,,,,,,
hypergol11,,,,,,,,,,,,,,,,,,,,,,,,,,,,,,,,,,,,,,,,,,,,,,,,,,,,,,,,,,,,,,,,,,,
cryo4,bluedog_CentaurD_RL10,,,,,,,,,,,,,,,,,,,,,,,,,,,,,,,,,,,,,,,,,,,,,,,,,,,,,,,,,,,,,,,,,,
cryo5,bluedog_LR87_LH2_SL,bluedog_LR87_LH2_V,**bluedog_RL100,**bluedog_VegaU,,,,,,,,,,,,,,,,,,,,,,,,,,,,,,,,,,,,,,,,,,,,,,,,,,,,,,,,,,,,,,,
cryo6,**bluedog_LR87LH21,**bluedog_RL101,,,,,,,,,,,,,,,,,,,,,,,,,,,,,,,,,,,,,,,,,,,,,,,,,,,,,,,,,,,,,,,,,
cryo7,bluedog_CentaurD_RL10A4N,**bluedog_LR87LH22,,,,,,,,,,,,,,,,,,,,,,,,,,,,,,,,,,,,,,,,,,,,,,,,,,,,,,,,,,,,,,,,,
cryo8,bluedog_Saturn_Engine_J2,bluedog_CentaurD_RL10B2,,,,,,,,,,,,,,,,,,,,,,,,,,,,,,,,,,,,,,,,,,,,,,,,,,,,,,,,,,,,,,,,,
cryo9,bluedog_Saturn_Engine_J2S,bluedog_Saturn_Engine_J2SL,bluedog_XLR129,bluedog_MB60,bluedog_DeltaIV_RS68,,,,,,,,,,,,,,,,,,,,,,,,,,,,,,,,,,,,,,,,,,,,,,,,,,,,,,,,,,,,,,
cryo10,bluedog_Saturn_Engine_J2T,bluedog_M1,bluedog_RL20_SL,bluedog_RL20_Vac,**XLR129_350K,**bluedog_Saturn_Gen3,bluedog_MB60_deployable,bluedog_CentaurD_RL10_methane,,,,,,,,,,,,,,,,,,,,,,,,,,,,,,,,,,,,,,,,,,,,,,,,,,,,,,,,,,,
cryo11,bluedog_Saturn_Engine_J2X,**bluedog_M1_Gen2,bluedog_RS30,,,,,,,,,,,,,,,,,,,,,,,,,,,,,,,,,,,,,,,,,,,,,,,,,,,,,,,,,,,,,,,,
cryo12,**bluedog_Saturn_Gen4,bluedog_Saturn_Engine_J2A2,,,,,,,,,,,,,,,,,,,,,,,,,,,,,,,,,,,,,,,,,,,,,,,,,,,,,,,,,,,,,,,,,
ntr9,bluedog_smallNuclearEngine,,,,,,,,,,,,,,,,,,,,,,,,,,,,,,,,,,,,,,,,,,,,,,,,,,,,,,,,,,,,,,,,,,
ntr10,bluedog_NERVA_XE,,,,,,,,,,,,,,,,,,,,,,,,,,,,,,,,,,,,,,,,,,,,,,,,,,,,,,,,,,,,,,,,,,
ntr11,bluedog_NERVA_FF,,,,,,,,,,,,,,,,,,,,,,,,,,,,,,,,,,,,,,,,,,,,,,,,,,,,,,,,,,,,,,,,,,
ntr12,bluedog_SNTP_45,bluedog_STNP_75,bluedog_NERVA_II,,,,,,,,,,,,,,,,,,,,,,,,,,,,,,,,,,,,,,,,,,,,,,,,,,,,,,,,,,,,,,,,
ntr13,,,,,,,,,,,,,,,,,,,,,,,,,,,,,,,,,,,,,,,,,,,,,,,,,,,,,,,,,,,,,,,,,,,
ntr14,,,,,,,,,,,,,,,,,,,,,,,,,,,,,,,,,,,,,,,,,,,,,,,,,,,,,,,,,,,,,,,,,,,
ion6,bluedog_Tempel2_Ion,bluedog_Xenon_SmallSingle,bluedog_Xenon_SmallStack,bluedog_Xenon_SmallTriple,,,,,,,,,,,,,,,,,,,,,,,,,,,,,,,,,,,,,,,,,,,,,,,,,,,,,,,,,,,,,,,
ion7,bluedog_Xenon_MediumStack,,,,,,,,,,,,,,,,,,,,,,,,,,,,,,,,,,,,,,,,,,,,,,,,,,,,,,,,,,,,,,,,,,
ion8,,,,,,,,,,,,,,,,,,,,,,,,,,,,,,,,,,,,,,,,,,,,,,,,,,,,,,,,,,,,,,,,,,,
ion9,,,,,,,,,,,,,,,,,,,,,,,,,,,,,,,,,,,,,,,,,,,,,,,,,,,,,,,,,,,,,,,,,,,
reactors5,bluedog_RTG_SNAP3,bluedog_Transit5_SNAP9A,bluedog_Transit5_RTG,,,,,,,,,,,,,,,,,,,,,,,,,,,,,,,,,,,,,,,,,,,,,,,,,,,,,,,,,,,,,,,,
reactors6,bluedog_Pioneer_SNAP19,bluedog_RTG_SNAP19,bluedog_RTG_SNAP19_Nimbus,,,,,,,,,,,,,,,,,,,,,,,,,,,,,,,,,,,,,,,,,,,,,,,,,,,,,,,,,,,,,,,,
reactors7,bluedog_RTG_SNAP19_Quad,bluedog_MORL_PBGrack,bluedog_MORL_PBG,,,,,,,,,,,,,,,,,,,,,,,,,,,,,,,,,,,,,,,,,,,,,,,,,,,,,,,,,,,,,,,,
reactors8,bluedog_RTG_MHWRTG,bluedog_RTG_RHU,bluedog_LM_RTG_Folding,bluedog_voyagerMarsLander_RTG,bluedog_RTG_GPHS,bluedog_LM_RTG_Rack,,,,,,,,,,,,,,,,,,,,,,,,,,,,,,,,,,,,,,,,,,,,,,,,,,,,,,,,,,,,,
reactors9,bluedog_Saturn_SNAP29,,,,,,,,,,,,,,,,,,,,,,,,,,,,,,,,,,,,,,,,,,,,,,,,,,,,,,,,,,,,,,,,,,
electrics1,,,,,,,,,,,,,,,,,,,,,,,,,,,,,,,,,,,,,,,,,,,,,,,,,,,,,,,,,,,,,,,,,,,
electrics2,bluedog_Ranger_Battery,,,,,,,,,,,,,,,,,,,,,,,,,,,,,,,,,,,,,,,,,,,,,,,,,,,,,,,,,,,,,,,,,,
electrics3,bluedog_solarBattery,,,,,,,,,,,,,,,,,,,,,,,,,,,,,,,,,,,,,,,,,,,,,,,,,,,,,,,,,,,,,,,,,,
electrics4,bluedog_Surveyor_AuxBattery,,,,,,,,,,,,,,,,,,,,,,,,,,,,,,,,,,,,,,,,,,,,,,,,,,,,,,,,,,,,,,,,,,
electrics5,bluedog_ATDA_Battery,bluedog_GATV_AcquisitionLight,bluedog_GATV_RunningLight,,,,,,,,,,,,,,,,,,,,,,,,,,,,,,,,,,,,,,,,,,,,,,,,,,,,,,,,,,,,,,,,
electrics6,bluedog_Apollo_Block2_DockingLight,bluedog_Apollo_Block2_DockingLight2,bluedog_Apollo_DockingSpotlight,bluedog_Apollo_EVAFloodlight,bluedog_Skylab_evaLight,,,,,,,,,,,,,,,,,,,,,,,,,,,,,,,,,,,,,,,,,,,,,,,,,,,,,,,,,,,,,,
electrics7,,,,,,,,,,,,,,,,,,,,,,,,,,,,,,,,,,,,,,,,,,,,,,,,,,,,,,,,,,,,,,,,,,,
electrics8,,,,,,,,,,,,,,,,,,,,,,,,,,,,,,,,,,,,,,,,,,,,,,,,,,,,,,,,,,,,,,,,,,,
electrics9,bluedog_LM_Lab_Battery,bluedog_Skylab_PMA,bluedog_Skylab_powerModule_core,bluedog_Skylab_TRS_lamp,bluedog_LM_SheLab_Spotlight,,,,,,,,,,,,,,,,,,,,,,,,,,,,,,,,,,,,,,,,,,,,,,,,,,,,,,,,,,,,,,
electrics10,,,,,,,,,,,,,,,,,,,,,,,,,,,,,,,,,,,,,,,,,,,,,,,,,,,,,,,,,,,,,,,,,,,
electrics11,,,,,,,,,,,,,,,,,,,,,,,,,,,,,,,,,,,,,,,,,,,,,,,,,,,,,,,,,,,,,,,,,,,
electrics12,,,,,,,,,,,,,,,,,,,,,,,,,,,,,,,,,,,,,,,,,,,,,,,,,,,,,,,,,,,,,,,,,,,
thermal3,bluedog_Mariner_Louver,,,,,,,,,,,,,,,,,,,,,,,,,,,,,,,,,,,,,,,,,,,,,,,,,,,,,,,,,,,,,,,,,,
thermal4,bluedog_Mariner5_SunShield,bluedog_Pioneer_LargeLouver,bluedog_Pioneer_MediumLouver,bluedog_Pioneer_Radiator,bluedog_Pioneer_SmallLouver,bluedog_Kepler_Radiator,,,,,,,,,,,,,,,,,,,,,,,,,,,,,,,,,,,,,,,,,,,,,,,,,,,,,,,,,,,,,
thermal5,bluedog_Saturn_Radiator_Large,bluedog_Saturn_Radiator_Medium,bluedog_Saturn_Radiator_Small,bluedog_MOL_SmallRadiator,bluedog_MOL_LargeRadiator,bluedog_mariner10_sunShield,,,,,,,,,,,,,,,,,,,,,,,,,,,,,,,,,,,,,,,,,,,,,,,,,,,,,,,,,,,,,
thermal6,bluedog_Skylab_Radiator,bluedog_Skylab_parasol,bluedog_Skylab_RadiatorMount,,,,,,,,,,,,,,,,,,,,,,,,,,,,,,,,,,,,,,,,,,,,,,,,,,,,,,,,,,,,,,,,
thermal7,bluedog_skylab_powerModule_radiator*,,,,,,,,,,,,,,,,,,,,,,,,,,,,,,,,,,,,,,,,,,,,,,,,,,,,,,,,,,,,,,,,,,
thermal8,,,,,,,,,,,,,,,,,,,,,,,,,,,,,,,,,,,,,,,,,,,,,,,,,,,,,,,,,,,,,,,,,,,
thermal9,bluedog_LM_Radiator,bluedog_LM_Shelter,,,,,,,,,,,,,,,,,,,,,,,,,,,,,,,,,,,,,,,,,,,,,,,,,,,,,,,,,,,,,,,,,
solar3,bluedog_Pioneer5_SolarPaddle,bluedog_PioneerAble_SolarPaddle,bluedog_SmallSquarePanel_Rotating,bluedog_SmallSquarePanel_Static,,,,,,,,,,,,,,,,,,,,,,,,,,,,,,,,,,,,,,,,,,,,,,,,,,,,,,,,,,,,,,,
solar4,bluedog_AIMP_SolarPaddle,bluedog_LunarOrbiter_Solar_SideMount,bluedog_LunarOrbiter_Solar_Tracking,bluedog_LunarOrbiter_Solar_UnderFold,bluedog_Nimbus_SolarPanel,bluedog_Ranger_Lander_Solar_Fixed,bluedog_Ranger_Lander_Solar_Tracking,bluedog_Ranger_Solar,bluedog_Ranger_TrackingSolar,bluedog_Mariner2_Solar_Antenna,bluedog_Mariner2_Solar_Basic,bluedog_Mariner2_TrackingSolar_Antenna,bluedog_Mariner2_TrackingSolar_Basic,,,,,,,,,,,,,,,,,,,,,,,,,,,,,,,,,,,,,,,,,,,,,,,,,,,,,,
solar5,bluedog_RAE_SolarPaddle,bluedog_RAE_TrackingSolarPaddle,bluedog_MarinerB_Solar,bluedog_MarinerB_TrackingSolar,bluedog_OAO_solarLower,bluedog_OAO_solarUpper,bluedog_OGO_SolarPanel_Antenna,bluedog_OGO_SolarPanel_Basic,bluedog_Transit5_Solar,bluedog_Strawman_Solar,bluedog_SurveyorOrbiter_Solar,bluedog_Surveyor_SolarAntenna,,,,,,,,,,,,,,,,,,,,,,,,,,,,,,,,,,,,,,,,,,,,,,,,,,,,,,,
solar6,bluedog_GooLab_Solar,bluedog_Mariner3_Solar,bluedog_Mariner5_Solar,bluedog_Helios_SunShade,bluedog_Kepler_SolarPanel,bluedog_Mariner5_Solar_Antenna,,,,,,,,,,,,,,,,,,,,,,,,,,,,,,,,,,,,,,,,,,,,,,,,,,,,,,,,,,,,,
solar7,bluedog_Pegasus_ForwardSolar,bluedog_Pegasus_Solar,bluedog_Clementine_SolarPanel,bluedog_Gemini_LargeFixedArray,bluedog_Gemini_SolarWing,bluedog_Hexagon_SolarPanel,bluedog_mariner10_solar,bluedog_MOL_Solar1,bluedog_MOL_Solar2,bluedog_Tianja_LargeFixedSolar,bluedog_Tianja_LargeRotatingSolar,bluedog_Tianja_SmallFixedSolar,bluedog_Tianja_SmallRotatingSolar,bluedog_MORL_solarPanel,bluedog_MORL_solar,bluedog_Skylab_EOSS_rolloutSolar,bluedog_Skylab_EOSS_solar,bluedog_Skylab_EOSS_rolloutSolar_tracking,bluedog_Skylab_EOSS_solarPanel,bluedog_Skylab_EOSS_solarPanel_90,,,,,,,,,,,,,,,,,,,,,,,,,,,,,,,,,,,,,,,,,,,,,,,
solar8,bluedog_Skylab_ATMsolar,bluedog_Skylab_SolarPanel,bluedog_Apollo_Block5_SolarPanel,bluedog_Skylab_ATM_solar,bluedog_skylab_solarWing,bluedog_voyagerMarsOrbiter_annularSolarPanel,bluedog_voyagerMarsOrbiter_solarFlat,,,,,,,,,,,,,,,,,,,,,,,,,,,,,,,,,,,,,,,,,,,,,,,,,,,,,,,,,,,,
solar9,bluedog_Apollo_Block5_SolarPanels,bluedog_Spacelab_SolarPanel,bluedog_Skylab_VFB_solarPanel,bluedog_spacelab_solarWing,bluedog_Skylab_powerModuleSolar,bluedog_Skylab_TRS_solarPanel,bluedog_Skylab_powerModuleSolar_double,,,,,,,,,,,,,,,,,,,,,,,,,,,,,,,,,,,,,,,,,,,,,,,,,,,,,,,,,,,,
solar10,,,,,,,,,,,,,,,,,,,,,,,,,,,,,,,,,,,,,,,,,,,,,,,,,,,,,,,,,,,,,,,,,,,
solar11,,,,,,,,,,,,,,,,,,,,,,,,,,,,,,,,,,,,,,,,,,,,,,,,,,,,,,,,,,,,,,,,,,,
solar12,,,,,,,,,,,,,,,,,,,,,,,,,,,,,,,,,,,,,,,,,,,,,,,,,,,,,,,,,,,,,,,,,,,
construction1,bluedog_Decoupler_0p625m,bluedog_Decoupler_0p9375m,bluedog_FairingBase_0p625m,bluedog_FairingBase_0p625m_SAF,bluedog_FairingBase_0p9375m,bluedog_FairingBase_0p9375m_Static,bluedog_Decoupler_0p125m,,bluedog_Sergeant_3x_Decoupler,,,,,,,,,,,,,,,,,,,,,,,,,,,,,,,,,,,,,,,,,,,,,,,,,,,,,,,,,,
construction2,bluedog_Decoupler_1p25m,bluedog_FairingBase_1p25m,bluedog_Juno1_Nose,bluedog_Sergeant_11x_Decoupler,bluedog_Vanguard_S1_Interstage,bluedog_Vanguard_S2_LongProbeDecoupler,bluedog_Vanguard_S2_ShortProbeDecoupler,bluedog_VanguardFairing_SAF,BDB_FASAlaunchClamp25,,,,,,,,,,,,,,,,,,,,,,,,,,,,,,,,,,,,,,,,,,,,,,,,,,,,,,,,,,
construction3,bluedog_Agena_AInterstage,bluedog_Agena_Decoupler_LunarOrbiter,bluedog_Agena_EngineMount,bluedog_Agena_EngineShroud,bluedog_Agena_SAC,bluedog_Agena_StandardFairingBase,bluedog_Agena_StraightInterstage,bluedog_ThorDelta_Interstage,bluedog_Ablestar_Fairing_SAF,bluedog_Decoupler_1p5m,bluedog_FairingBase_1p5m,bluedog_FairingBase_1p5m_SAF,bluedog_Juno2FairingBase,bluedog_Juno4_EngineMount,bluedog_Juno4_FairingBase_0p9375,bluedog_Juno4_FairingBase_1p25m,bluedog_Juno4_Interstage,bluedog_Jupiter_EngineMount,bluedog_PioneerAble_Adapter,bluedog_PSM_0p3125m_HighProfile,bluedog_PSM_0p3125m_LowProfile,bluedog_PSM_0p3125m_MediumProfile,bluedog_PSM_0p625m_HighProfile,bluedog_PSM_0p625m_LowProfile,bluedog_PSM_0p625m_MediumProfile,bluedog_RadialDecoupler_Medium,bluedog_RadialDecoupler_Mini,bluedog_Sparta_0p625mAdapter,bluedog_Sparta_0p625mInterstage,bluedog_Thor_0p9375mAdapter,bluedog_Thor_0p9375mInterstage,bluedog_Thor_1p25mAdapter_Short,bluedog_Thor_AbleAdapter,bluedog_Thor_EngineMount,bluedog_Transit4A_Decoupler,,,,,,,,,,,,,,,,,,,,,,,,,,,,,,,,
construction4,bluedog_AgenaD_FairingBase_LunarOrbiter,bluedog_AgenaD_FairingBase_LunarOrbiterSAF,bluedog_Agena_POPPY_fairingBase_SAF,BDB_FASAlaunchClampAtlas,bluedog_AgenaB_FairingBase_Ranger,bluedog_AgenaB_FairingBase_Ranger_SAF,BDB_FASALaunchClamp1875,bluedog_1875_NoseSep,bluedog_1875_RadialDecoupler,bluedog_1875_RadialSep,bluedog_AIMP_SolidDecoupler,bluedog_Atlas_BoosterSkirt,bluedog_Atlas_Decoupler1875m,bluedog_Atlas_FairingBase,bluedog_Carrack_AgenaAdapter,bluedog_Carrack_StraightAdapter,bluedog_Carrack_StraightAdapter_SAF,bluedog_Carrack_WideAdapter,bluedog_Carrack_WideAdapter_SAF,bluedog_Castor_RadialDecoupler,bluedog_Decoupler_1p875m,bluedog_FairingBase_1p875m,bluedog_Nimbus_Decoupler,bluedog_Nimbus_InstrumentTorus,bluedog_Nimbus_PayloadDeck,bluedog_Nimbus_Truss,bluedog_Ranger_Block2_RetroDecoupler,bluedog_Ranger_Decoupler,bluedog_Ranger_PayloadDeck,bluedog_Titan1_S1_EngineShroud,bluedog_Titan1_StructuralAdapter,bluedog_Agena_EquipmentRack,bluedog_Agena_MultiPayloadAdapter,,,,,,,,,,,,,,,,,,,,,,,,,,,,,,,,,,
construction5,bluedog_OGO_ballast,bluedog_LittleJoe2_Body,bluedog_LittleJoe2_Fin,bluedog_RAE_MotorDecoupler,bluedog_RAE_VCPS_Decoupler,BDB_FASAUmbilicalTower,bluedog_Agena_SLV3B_Fairing_SAF,bluedog_Agena_SLV3B_FairingBase,bluedog_Agena_SLV3B_Interstage,bluedog_Agena_Titan33B_adapterFairingBase,bluedog_Atlas_Decoupler25m,bluedog_CELV_BoosterSkirt,bluedog_CELV_Fin,bluedog_Centaur_MPF_FairingBase,bluedog_Centaur_MPF_FairingBase_SAF,bluedog_centaur1875mAdapterFairing,bluedog_centaur25mAdapterFairing,bluedog_CentaurD_EngineMount,bluedog_Delta_Interstage,bluedog_Delta_Miniskirt_1p5m,bluedog_Delta_Miniskirt_1p875m,bluedog_Delta_Miniskirt_1p875m_SAF,bluedog_HOSS_EngineMount,bluedog_Keyhole_DualAdapter,bluedog_OAO_spacecraftAdapter,bluedog_OAO3_serviceModule,bluedog_OGO_Adapter,bluedog_Ranger_Lander_Truss,bluedog_SOLTAN_NoseCone,bluedog_Titan2_S2_1p25mAdapter,bluedog_Titan2_S2_1p5mAdapter,bluedog_Titan2_S2_EngineDecoupler,bluedog_Titan2_S2_GeminiDecoupler,bluedog_Titan2_S2_NoseCone,bluedog_Titan2_S2_RetroMotor,bluedog_Transit5_Fins,bluedog_Transit5_SOOS_Cage,bluedog_Vega_EngineMount,bluedog_Vega_ThirdStage_Adapter,bluedog_Titan2_Adapter,bluedog_Strawman_Bus_SAF,bluedog_Mariner_Decoupler,bluedog_Surveyor_Adapter,BDB_FASAlaunchTower,Bluedog_Fairingbase_2p5m_ring_SAF,Bluedog_Fairingbase_2p5m_ring,bluedog_Mercury_Decoupler,bluedog_Mercury_Interstage,,,,,,,,,,,,,,,,,,,
construction6,bluedog_Minuteman_Nose,bluedog_DCSS_2p5mFairing,bluedog_DCSS_2p5mFairing_SAF,bluedog_DCSS_Interstage,bluedog_DCSS_PayloadAdapter_0p9375m,bluedog_DCSS_PayloadAdapter_1p875m,bluedog_DCSS_PayloadAdapter_2p5m,bluedog_DCSS_StructAdapter,bluedog_Decoupler_3p125m,bluedog_Delta_DoubleBarrelAdapter,bluedog_FairingBase_3p125m,bluedog_FairingBase_3p125m_SAF,bluedog_GATV_NoseCone,bluedog_Keyhole_RVAdapter,bluedog_LDC_1p875mAdapter,bluedog_LDC_2p5mAdapter,bluedog_LDC_375mAdapter,bluedog_LDC_3p5mFairingBase,bluedog_LDC_NoseCone,bluedog_LDC_S1_EngineMount,bluedog_LDC_S2_EngineMount,bluedog_LDC_S2_Interstage,bluedog_LDC_S2_ShortInterstage,bluedog_Titan3_CommercialDPAF_SAF,bluedog_Titan3_CommercialPLF,bluedog_Titan3_CommercialPLF_SAF,bluedog_Titan3_S1_EngineShroud,bluedog_Titan3B_Interstage,bluedog_Titan3C_StandardFairing_SAF,bluedog_Titan3E_PLF,bluedog_Titan3E_PLF_SAF,bluedog_Pioneer_AftAdapter,bluedog_Pioneer_AftAdapterAlternate,bluedog_Pioneer_Decoupler,bluedog_Pioneer_ExperimentBus,bluedog_Pioneer_ExtensionBus,bluedog_Pioneer_ProbeAdapter,bluedog_Pioneer_ProbeDecoupler,bluedog_Helios_Adapter,bluedog_IDCSP_Truss,bluedog_Centaur_FairingBase4xx,bluedog_Gemini_Decoupler_1p5m,bluedog_Gemini_Decoupler_1p875m,,,,,,,,,,,,,,,,,,,,,,,,
construction7,bluedog_MORL_aeroCone,bluedog_saturn_S4B_lowProfileDecoupler,bluedog_FairingBase_3p75m,bluedog_FairingBase_3p75m_SAF,bluedog_Pegasus_Truss,bluedog_Agena_SOT_SupportSkirt,bluedog_Agena_SOT_SupportSkirt_SAF,bluedog_Hexagon_AdapterSegment,bluedog_Hexagon_FairingBase,bluedog_Hexagon_FairingBase_SAF,bluedog_Hexagon_LaunchAdapter,bluedog_Hexagon_TrussSegment,bluedog_IUS_Interstage,bluedog_mariner10_decoupler,bluedog_mariner10_SciencePallet,bluedog_Saturn_25mFairingBase,bluedog_Saturn_3125mFairingBase,bluedog_Shuguang_Nose,bluedog_Shuguang_RetroModule,bluedog_Titan4_PLF,bluedog_Titan4_PLF_SAF,bluedog_FairingBase_4p25m,bluedog_FairingBase_4p25m_SAF,bluedog_Saturn_S1B_Interstage,bluedog_Saturn_S4B_CentaurTruss,bluedog_Saturn_S4B_SLA_JettisonBase,bluedog_Saturn_S4B_SLA_JettisonPanel,bluedog_Saturn_S4_2p5m_spacecraftAdapter,BDB_FASAlaunchClampApollo,bluedog_Saturn_S4_Adapter,bluedog_Saturn_S4_Boilerplate,bluedog_Saturn_S4_EngineMount,bluedog_Saturn_S4_Interstage,bluedog_Saturn_S4_2p5m_centaurAdapter,bluedog_Skylab_TRS_microDocking_cone,bluedog_Skylab_TRS_microDocking_probe,bluedog_Saturn_S4B_DPAF_SAF,,,,,,,,,,,,,,,,,,,,,,,,,,,,,,
construction8,bluedog_Delta2_metalFairing_SAF,bluedog_Delta2_dpaf_base,bluedog_Delta2_dpaf_top,bluedog_Delta2_1875_adapter_fairingBase_SAF,bluedog_BigG_Nose,bluedog_BigG_Decoupler,bluedog_Gemini_InflatableAirlock,bluedog_Gemini_RadialAttachPoint,bluedog_GeminiFerry_DockingAdapter,bluedog_Apollo_APAS75,bluedog_Apollo_ASTP_DockingAdapter,bluedog_Saturn_S4B_AARDVTruss,bluedog_saturn_S4b_payloadAdapter,bluedog_Saturn_S4B_SLAwide_JettisonBase,bluedog_Saturn_S4B_SLAwide_JettisonPanel,bluedog_Saturn_S1_AdvancedFin,bluedog_Saturn_S1_EngineMount,bluedog_Saturn_S1C_56mDecoupler,bluedog_Saturn_S1C_EngineMount,bluedog_Saturn_S1C_Fin,bluedog_Saturn_S1E_EngineMount,bluedog_Saturn_S2_5625mFairingBase,bluedog_Saturn_S2_EngineMount,bluedog_Saturn_S2_EngineMount_7X,bluedog_Saturn_S2_Interstage,bluedog_Saturn_S2_Tankage,bluedog_Saturn_S4B_375mFairingBase,bluedog_Saturn_S4B_EngineMount,bluedog_Saturn_S4B_Interstage,bluedog_Saturn_S4B_SLA,bluedog_Saturn_S4B_SLA_Full,bluedog_Saturn_S4B_SLA_SinglePanel,bluedog_Saturn_S4B_SLAbase,bluedog_Saturn_S4B_WideInterstage,bluedog_Saturn_S4C_EngineMount,bluedog_Apollo_AARDV_Nose,bluedog_Apollo_AARDV_Plate,bluedog_Apollo_Decoupler,bluedog_Apollo_EngineMount,bluedog_Apollo_ParachuteCover,bluedog_Apollo_SIMbay_subSatellite_dispenser,bluedog_FairingBase_6p25m,bluedog_FairingBase_6p25m_SAF,bluedog_Skylab_airlockModule_SAF,bluedog_Saturn_4p25m_adapters,bluedog_Saturn_S1C_Decoupler,bluedog_Saturn_S2_3p75_mount,bluedog_Saturn_S2_Fin,bluedog_LM_Q3_Storage,bluedog_voyagerMarsLander_srbMount,bluedog_voyagerMarsOrbiter_backshell,bluedog_voyagerMarsOrbiter_spacecraftAdapter,bluedog_Saturn_S4B_DPAF,bluedog_Saturn_S2_dockingPort,bluedog_Saturn_SideDockingPort,bluedog_Saturn_SideDockingRail,bluedog_saturn_s2_dockingPortActive,bluedog_Saturn_AJ260_Nose,bluedog_Centaur_FairingBase4xx_SAF,bluedog_Apollo_Flat25mStructuralAdapter,bluedog_Apollo_Subsatellite_Decoupler,bluedog_Apollo_Block2_Decoupler,,,,,
construction9,bluedog_Taurus_StraightFairingBase_SAF,bluedog_Taurus_WideFairingBase_SAF,bluedog_Athena3_Adapter2p5,bluedog_Athena3_Adapter2p5m_SAF,bluedog_Delta4_dpaf_base,bluedog_Delta4_dpaf_top,bluedog_DeltaIV_3p125interstage,bluedog_DeltaIV_DCSS_3p125_payloadAdapter,bluedog_DeltaIV_DCSS_fairingBase,bluedog_DeltaIV_DCSS_fairingBase_SAF,bluedog_DeltaIV_heavyDecoupler,bluedog_DeltaIV_noseCone,bluedog_DeltaIV_smallInterstage,bluedog_skylab_powerModule_support,bluedog_Skylab_powerModule_berthing_passive,bluedog_Skylab_powerModule_berthing_active,bluedog_saturn_SII_SLAbase,bluedog_LM_Truck_Platform,bluedog_LTV_Ramp,bluedog_saturn_h03_SLAbase,bluedog_saturn_h03_SLA_panel,bluedog_Athena3_Adapter2p5_SAF,,,,,,,,,,,,,,,,,,,,,,,,,,,,,,,,,,,,,,,,,,,,,
construction10,bluedog_Minotaur_Interstage,bluedog_Taurus_S1_Interstage,bluedog_Taurus_S1_StructuralAdapter,bluedog_Taurus_StraightFairingBase,bluedog_Taurus_UpperStageAdapter,bluedog_Taurus_WideFairingBase,bluedog_Pegasus_Decoupler,bluedog_Pegasus_Orion38_Interstage,bluedog_Pegasus_Fin,B10_APASv2,bluedog_spacelab_forwardAdapter_SAF,bluedog_S2_M1_mount,bluedog_Saturn_5m_adapter,bluedog_Saturn_6p25m_adapter,bluedog_Saturn_LRB_EngineMount,bluedog_Skylab_VFB_probeDispenser,bluedog_Minotaur1_S1_Interstage,bluedog_Minotaur1_S2_Interstage,,,,,,,,,,,,,,,,,,,,,,,,,,,,,,,,,,,,,,,,,,,,,,,,,
construction11,bluedog_AtlasV_400Fairing_SAF,bluedog_AtlasV_500Fairing_SAF,bluedog_AtlasV_FairingBase4xx,bluedog_AtlasV_FairingBase5xx,bluedog_AtlasV_Interstage4xx,,,,,,,,,,,,,,,,,,,,,,,,,,,,,,,,,,,,,,,,,,,,,,,,,,,,,,,,,,,,,,
construction12,bluedog_CentaurV_EngineMount,,,,,,,,,,,,,,,,,,,,,,,,,,,,,,,,,,,,,,,,,,,,,,,,,,,,,,,,,,,,,,,,,,
isru9,,,,,,,,,,,,,,,,,,,,,,,,,,,,,,,,,,,,,,,,,,,,,,,,,,,,,,,,,,,,,,,,,,,
isru10,,,,,,,,,,,,,,,,,,,,,,,,,,,,,,,,,,,,,,,,,,,,,,,,,,,,,,,,,,,,,,,,,,,
isru11,,,,,,,,,,,,,,,,,,,,,,,,,,,,,,,,,,,,,,,,,,,,,,,,,,,,,,,,,,,,,,,,,,,
isru12,,,,,,,,,,,,,,,,,,,,,,,,,,,,,,,,,,,,,,,,,,,,,,,,,,,,,,,,,,,,,,,,,,,
bases9,,,,,,,,,,,,,,,,,,,,,,,,,,,,,,,,,,,,,,,,,,,,,,,,,,,,,,,,,,,,,,,,,,,
bases10,,,,,,,,,,,,,,,,,,,,,,,,,,,,,,,,,,,,,,,,,,,,,,,,,,,,,,,,,,,,,,,,,,,
bases11,,,,,,,,,,,,,,,,,,,,,,,,,,,,,,,,,,,,,,,,,,,,,,,,,,,,,,,,,,,,,,,,,,,
bases12,,,,,,,,,,,,,,,,,,,,,,,,,,,,,,,,,,,,,,,,,,,,,,,,,,,,,,,,,,,,,,,,,,,
spaceStations7,bluedog_GooLab_Module,bluedog_MiniLab_Adapter,bluedog_MiniLab_Interstage,bluedog_MiniLab_Lab,bluedog_MiniLab_Ladder,bluedog_GATV_DockingPort,,,,,,,,,,,,,,,,,,,,,,,,,,,,,,,,,,,,,,,,,,,,,,,,,,,,,,,,,,,,,
spaceStations8,bluedog_MORL_workshop,bluedog_Gemini_Lander_LowProfilePort,bluedog_Gemini_0p9375mEndcap,bluedog_Gemini_1p5mEndcap,bluedog_Gemini_1p5mShortSegment,bluedog_Gemini_1p875mLongAdapter,bluedog_Gemini_OneRoomStationModule,bluedog_Gemini_SmallShortAdapter,bluedog_Gemini_StructuralEndcap,bluedog_Gemini_StructuralNode,bluedog_Gemini_TwoRoomStationModule,bluedog_MOL_0p9375mAdapter,bluedog_MOL_1p5mStationSegment,bluedog_MOL_Adapter_15_125,bluedog_MOL_Adapter_1875_15,bluedog_MOL_Airlock,bluedog_MOL_CrewTube,bluedog_MOL_CrewTube_DoubleLength,bluedog_MOL_DockingPort,bluedog_MOL_FiveWayAdapter,bluedog_MOL_ForkDockingPort,bluedog_MOL_Hab,bluedog_MOL_Lab,bluedog_MOL_Lab_New,bluedog_MOL_RingDockingPort,bluedog_MOL_ThreeWayAdapter,bluedog_Skylab_EOSS_interstageModule,bluedog_Skylab_EOSS_aftMDA,,,,,,,,,,,,,,,,,,,,,,,,,,,,,,,,,,,,,,,
spaceStations9,bluedog_Skylab_Airlock,bluedog_Skylab_MDA,bluedog_Skylab_OWS,bluedog_Skylab_RadialAttachmentPort,bluedog_Apollo_CADS_active,bluedog_Apollo_CADS_passive,bluedog_Apollo_ConeDockingPort,bluedog_Apollo_ProbeDockingPort,bluedog_Skylab_airlockModule,bluedog_Skylab_multipleDockingAdapter,bluedog_Skylab_RAP,bluedog_skylab_structuralAdapter,bluedog_Skylab_Workshop,,,,,,,,,,,,,,,,,,,,,,,,,,,,,,,,,,,,,,,,,,,,,,,,,,,,,,
spaceStations10,bluedog_Skylab_wetWorkshop_airlockMDA,bluedog_Saturn_S4B_Tankage_WWS,bluedog_Skylab_OWS_Wet,bluedog_Spacelab_Adapter,bluedog_Spacelab_Airlock,bluedog_CXA_APAS_A_L04F,bluedog_CXA_APAS_P,bluedog_Skylab_VFB_lightweightWetWorkshop,bluedog_Skylab_WetWorkshop,bluedog_Spacelab_airlockModule,bluedog_spacelab_europeanModule,bluedog_spacelab_forwardAdapter,bluedog_Spacelab_handrail,bluedog_spacelab_SciencePallet,bluedog_Skylab_dockingNodeAdapter,bluedog_saturn_s2_dockingPortPassive,,,,,,,,,,,,,,,,,,,,,,,,,,,,,,,,,,,,,,,,,,,,,,,,,,,
spaceStations11,,,,,,,,,,,,,,,,,,,,,,,,,,,,,,,,,,,,,,,,,,,,,,,,,,,,,,,,,,,,,,,,,,,
spaceStations12,,,,,,,,,,,,,,,,,,,,,,,,,,,,,,,,,,,,,,,,,,,,,,,,,,,,,,,,,,,,,,,,,,,
logistics7,bluedog_Agena_ResupplyContainer,bluedog_Gemini_Service_A,bluedog_Gemini_Service_B,,,,,,,,,,,,,,,,,,,,,,,,,,,,,,,,,,,,,,,,,,,,,,,,,,,,,,,,,,,,,,,,
logistics8,bluedog_BigG_CylindricalSM,bluedog_Gemini_AugustusCapsule,bluedog_Gemini_LongFerrySM,bluedog_Gemini_LunarReconSM,bluedog_Gemini_MalhenaSM,bluedog_Gemini_Resupply_Capsule,bluedog_GeminiFerry_PressurizedModule,bluedog_MOL_EquipmentSection,bluedog_MOL_KISmodule,bluedog_MOL_Propellant,bluedog_MOL_UnpressurizedCargo,bluedog_BigG_ConicSM_CargoModule,bluedog_BigG_ConicSM_RetroModule,bluedog_BigG_Adapter,bluedog_BigG_CylindricalSM_CargoModule,bluedog_BigG_CylindricalSM_EquipmentModule,,,,,,,,,,,,,,,,,,,,,,,,,,,,,,,,,,,,,,,,,,,,,,,,,,,
logistics9,bluedog_Apollo_AARDV_Cargo_Block2,bluedog_Apollo_AARDV_UnpressurizedCargo,bluedog_Apollo_AARDV_Cargo,bluedog_Apollo_AARDV_Cargo_Block1,bluedog_skylab_dockingTarget,bluedog_Apollo_AARDV_NoseAdapter,,,,,,,,,,,,,,,,,,,,,,,,,,,,,,,,,,,,,,,,,,,,,,,,,,,,,,,,,,,,,
logistics10,bluedog_Skylab_TRS_probeCore,bluedog_Skylab_TRS_propulsionKit,,,,,,,,,,,,,,,,,,,,,,,,,,,,,,,,,,,,,,,,,,,,,,,,,,,,,,,,,,,,,,,,,
logistics11,,,,,,,,,,,,,,,,,,,,,,,,,,,,,,,,,,,,,,,,,,,,,,,,,,,,,,,,,,,,,,,,,,,
logistics12,,,,,,,,,,,,,,,,,,,,,,,,,,,,,,,,,,,,,,,,,,,,,,,,,,,,,,,,,,,,,,,,,,,
capsules5,bluedog_Mercury_Capsule,bluedog_Mercury_LES,bluedog_mercuryPod,bluedog_Mercury_PosigradeRocket,bluedog_Mercury_Retropack,bluedog_Mercury_RetroRocket,,,,,,,,,,,,,,,,,,,,,,,,,,,,,,,,,,,,,,,,,,,,,,,,,,,,,,,,,,,,,
capsules6,bluedog_Gemini_Crew_A,bluedog_Gemini_Crew_B,bluedog_Gemini_Crew_C,bluedog_Gemini_Capsule,bluedog_Gemini_LES,bluedog_Gemini_DockingPort,bluedog_Gemini_Port_A,bluedog_Gemini_LunarRecon_Camera,bluedog_Gemini_EquipmentModule,bluedog_Gemini_EquipmentModule_Empty,bluedog_Shuguang_EquipmentModule,bluedog_Gemini_RetroModule,bluedog_Gemini_NoseFairing,bluedog_gemini_cap,bluedog_Gemini_RetroMotor,,,,,,,,,,,,,,,,,,,,,,,,,,,,,,,,,,,,,,,,,,,,,,,,,,,,
capsules7,bluedog_BigG_LES,bluedog_BigG_Cabin,bluedog_Gemini_RadarEvaluationPod,bluedog_Gemini_RumbleSeat,bluedog_Apollo_Boilerplate,bluedog_GeminiB_AdapterModule,bluedog_GeminiB_RetroModule,,,,,,,,,,,,,,,,,,,,,,,,,,,,,,,,,,,,,,,,,,,,,,,,,,,,,,,,,,,,
capsules8,bluedog_Apollo_CrewPod,bluedog_Apollo_LES,bluedog_Apollo_Block2_Capsule,bluedog_Apollo_Block2_LES,bluedog_Apollo_Block2_ActiveDockingMechanism,bluedog_Apollo_Block2_PassiveDockingMechanism,bluedog_Apollo_Block2_ServiceModule,bluedog_Apollo_Block2_SM,bluedog_Apollo_Block1_Nose,bluedog_Apollo_Block2_ParachuteMount,,,,,,,,,,,,,,,,,,,,,,,,,,,,,,,,,,,,,,,,,,,,,,,,,,,,,,,,,
capsules9,bluedog_Apollo_Block3_Capsule,bluedog_Apollo_Block4_MissionModule,bluedog_Saturn_VFB_MissionModule,bluedog_Apollo_Block3_MissionModule,bluedog_Skylab_VFB_ESM,bluedog_Apollo_CrewPod_5crew,bluedog_LM_LunarFlyingVehicle,bluedog_Apollo_Block3_SM,bluedog_Apollo_Block3_ServiceModule,,,,,,,,,,,,,,,,,,,,,,,,,,,,,,,,,,,,,,,,,,,,,,,,,,,,,,,,,,
capsules10,,,,,,,,,,,,,,,,,,,,,,,,,,,,,,,,,,,,,,,,,,,,,,,,,,,,,,,,,,,,,,,,,,,
capsules11,,,,,,,,,,,,,,,,,,,,,,,,,,,,,,,,,,,,,,,,,,,,,,,,,,,,,,,,,,,,,,,,,,,
science2,Bluedog_Geiger,bluedog_OFO_Experiment,bluedog_cameraLowTech,,,,,,,,,,,,,,,,,,,,,,,,,,,,,,,,,,,,,,,,,,,,,,,,,,,,,,,,,,,,,,,,
science3,bluedog_cameraMidTech,bluedog_foldingMag,bluedog_IMP_Magnetometer,Bluedog_IonSensor,,,,,,,,,,,,,,,,,,,,,,,,,,,,,,,,,,,,,,,,,,,,,,,,,,,,,,,,,,,,,,,
science4,bluedog_Pioneer6_IonSensor,bluedog_Pioneer6_Magnetometer,bluedog_AIMP_Magnetometer,bluedog_LunarOrbiter_Camera,Bluedog_Micrometeorite,bluedog_MiniGoo,bluedog_Nimbus_Instrument_ERB,bluedog_Nimbus_Instrument_ESMR,bluedog_Nimbus_Instrument_SAMS,bluedog_Nimbus_Instrument_SIS,bluedog_Nimbus_Instrument_SMMR,bluedog_Nimbus_Instrument_THIR,bluedog_Nimbus_Instrument_TOMS,bluedog_OSO_Experiment,bluedog_OSO_Photometer,bluedog_OSO_Sail,bluedog_Ranger_Block1_ElectroAnalyzer_Device1,bluedog_Ranger_Block1_ElectroAnalyzer_Device2,bluedog_Ranger_Block1_ElectroAnalyzer_Experiment,bluedog_Ranger_Block1_LymanAlphaTelescope,bluedog_Ranger_Block1_Truss,bluedog_Ranger_Block2_GammaRaySpectrometer,bluedog_Ranger_Block2_RadarAltimeter,bluedog_Ranger_Block2_TVCamera,bluedog_Ranger_Block3_TVSystem,bluedog_Camera_InstrumentTorus,bluedog_Mariner2_CosmicDustDetector,bluedog_Mariner2_IonTrap,bluedog_Mariner2_Radiometer,bluedog_Mariner2_Truss,,,,,,,,,,,,,,,,,,,,,,,,,,,,,,,,,,,,,
science5,bluedog_Mariner3_TV_Camera*,bluedog_RAE_DipoleAntenna,bluedog_RAE_RadioAntenna,bluedog_Biosat_Magnetometer,bluedog_Explorer_Beacon_SLR,bluedog_hydrometer,bluedog_IRspec,bluedog_Keyhole_Camera_KH4B,bluedog_MarinerB_Truss,Bluedog_MassSpec,bluedog_mercuryScience,bluedog_OAO_SAO_instrument,bluedog_OAO_WEP_instrument,bluedog_OAO3_PEP_instrument,bluedog_OGO_ExperimentBoom_1,bluedog_OGO_ExperimentBoom_2,bluedog_OGO_ExperimentBoom_3,bluedog_OGO_LongBoom_Ball,bluedog_OGO_LongBoom_Hoop,bluedog_OGO_OPEP,bluedog_OGO_OPEP_2,bluedog_Transit5_Magnetometer,bluedog_Transit5_Magnetometer_Equipment,bluedog_Transit5_SolarScience,bluedog_Transit5_UVSpectrometer,bluedog_Strawman_Thresher,bluedog_Mariner_PlasmaProbe,bluedog_Mariner_TrappedRadiationDetector,bluedog_Mariner_UV_Photometer,bluedog_Mariner_IonizationChamber,bluedog_Mariner_CosmicDustDetector,bluedog_Mariner_CosmicRayDetector,bluedog_Surveyor_AlphaSpectrometer,bluedog_Surveyor_Camera,bluedog_Surveyor_Scoop,,,,,,,,,,,,,,,,,,,,,,,,,,,,,,,,
science6,bluedog_Pioneer_AMD,bluedog_Pioneer_CPD,bluedog_Pioneer_CRT,bluedog_Pioneer_GeigerTube,bluedog_Pioneer_InfraredRadiometer,bluedog_Pioneer_IPP,bluedog_Pioneer_Magnetometer,bluedog_Pioneer_MLS,bluedog_Pioneer_OrbiterScanner,bluedog_Pioneer_PlasmaAnalyzer,bluedog_Pioneer_ProbeExperiment,bluedog_Pioneer_TRD,bluedog_Pioneer_UltravioletPhotometer,bluedog_cameraHighTech,bluedog_GATV_MaterialsBay,bluedog_GATV_MMDetector,bluedog_GATV_NuclearPackage,bluedog_Gemini_Magnetometer,bluedog_Gemini_Spectrometer,bluedog_Helios_Magnetometer,bluedog_Helios_RPWSAntenna,bluedog_Helios_Photometer,bluedog_Kepler_Spider,bluedog_Kepler_Telescope,bluedog_Helios_MM_Detector,,,,,,,,,,,,,,,,,,,,,,,,,,,,,,,,,,,,,,,,,,
science7,bluedog_Clementine_Sensors,bluedog_mariner10_camera,bluedog_mariner10_cameraStandalone,bluedog_Mariner10_chargedParticleTelescope,bluedog_mariner10_magnetometer,bluedog_mariner10_plasmaScience,bluedog_mariner10_UVspectrometer,bluedog_Pegasus_ElectronSpectrometer,bluedog_Pegasus_MM_Experiment,bluedog_Skylab_EOSS_scatterometer,bluedog_Skylab_EOSS_telescope,bluedog_Skylab_EOSS_radar,bluedog_Skylab_EOSS_massSpec,bluedog_Skylab_EOSS_multispec,bluedog_Skylab_EOSS_MWspec,,,,,,,,,,,,,,,,,,,,,,,,,,,,,,,,,,,,,,,,,,,,,,,,,,,,
science8,bluedog_LRV_SEP_Antenna,bluedog_LRV_Gravimeter,bluedog_LRV_mainCamera,bluedog_Apollo_ASTP_UltravioletExperiment,bluedog_ALSEP_ActiveSeismic,bluedog_ALSEP_CPLEE,bluedog_ALSEP_FROST,bluedog_ALSEP_Gnomon,bluedog_ALSEP_Gravimeter,bluedog_ALSEP_HeatFlow,bluedog_ALSEP_LargeSolar,bluedog_ALSEP_LRRR,bluedog_ALSEP_Magnetometer,bluedog_ALSEP_MEME,bluedog_ALSEP_PassiveSeismic,bluedog_ALSEP_SBandAntenna,bluedog_ALSEP_SolarWind,bluedog_ALSEP_SWC,bluedog_ALSEP_TVCamera,bluedog_ALSEP_UVTelescope,bluedog_Skylab_ATM,bluedog_Apollo_DopplerAntenna,bluedog_LM_CosmicRayDetector,bluedog_LM_Goo,bluedog_LM_MESA,bluedog_Apollo_SIMbay_alphaXraySpectrometer,bluedog_Apollo_Subsatellite_Core,bluedog_Apollo_SIMbay_subSatellite,bluedog_Apollo_SIMbay_GRS,bluedog_Apollo_SIMbay_IR_radiometer,bluedog_Apollo_SIMbay_mappingCamera,bluedog_Apollo_SIMbay_MasSpec,bluedog_Apollo_SIMbay_PanoramicCamera,bluedog_Apollo_SIMbay_radar,bluedog_Apollo_SIMbay_radarRecorder,bluedog_Apollo_SIMbay_UVspectrometer,bluedog_Skylab_ATM_core,bluedog_Skylab_ATM_experiments,bluedog_Skylab_IRspec,bluedog_Skylab_LB_radiometer,bluedog_Skylab_multiSpectralScanner,bluedog_Skylab_radarAltimeter,bluedog_Skylab_solar_radio_burst_antenna,bluedog_voyagerMarsOrbiter_magnetometerBoom,bluedog_voyagerMarsOrbiter_mmImpact,bluedog_voyagerMarsLander_boomSampler,bluedog_voyagerMarsLander_camera,bluedog_voyagerMarsLander_drill,bluedog_voyagerMarsLander_longRangeSampler,bluedog_voyagerMarsLander_passiveAirSampler,bluedog_voyagerMarsLander_radarAltimeter,bluedog_voyagerMarsOrbiter_PSP,bluedog_voyagerMarsOrbiter_PSP_upgrade,bluedog_voyagerMarsOrbiter_atmosphericMassSpec,bluedog_voyagerMarsOrbiter_cosmicRay,bluedog_voyagerMarsOrbiter_neutronAlbedoBoom,bluedog_voyagerMarsOrbiter_solarPlasma,bluedog_voyagerMarsOrbiter_solarXray,bluedog_Apollo_SIM_ATM,bluedog_Skylab_TRS_camera,bluedog_LM_DrillExperiment,bluedog_ALSEP_ALSD,bluedog_ALSEP_Hadley,bluedog_ALSEP_Penetrometer,bluedog_ALSEP_SampleContainer,bluedog_ALSEP_SEP,bluedog_LRV_Base_Combined
science9,bluedog_Spacelab_ERM,bluedog_Skylab_VFB_boom,bluedog_Skylab_VFB_telescope,bluedog_LM_Lab_Magnetometer,bluedog_LM_Lab_MaterialsBay,bluedog_LM_Lab_Micrometeoroid,bluedog_LM_Shelab,bluedog_EarlyLunarShelter_Telescope,,,,,,,,,,,,,,,,,,,,,,,,,,,,,,,,,,,,,,,,,,,,,,,,,,,,,,,,,,,
science10,,,,,,,,,,,,,,,,,,,,,,,,,,,,,,,,,,,,,,,,,,,,,,,,,,,,,,,,,,,,,,,,,,,